ID,Percent.Visible.Volume,Percent.Visible.Volume.in.Front,Percent.Visible.Volume.in.Passenger.Side,Make,Model,Year,Body.Class,Weight.Class,Full.VIN,Image,Drawing,Time.Added,a,Partial.VIN,when,b,c,d,Comments,Camera.height.above.ground,Radial.Distance,Bug.Screen,Sun.Visor,Hose.Cage,Real.Entry,Preschool.Children.in.Blindzone,Grade.School.Children.in.Blindzone,Adults.in.Blindzone,Wheelchair.Users.in.Blindzone,Bicyclists.in.Blindzone,Grade.School.Child.Bicyclists.in.Blindzone,Total.Front.Volume,Total.Passenger.Volume,Total.A.Pillar.Volume,Image.URL,Percent.Visible.Volume..Metric.Standard.,Percent.Visible.Volume.in.Front..Metric.Standard.,Percent.Visible.Volume.in.Passenger.Side..Metric.Standard.,a..cm.,b..cm.,c..cm.,d..cm.,Phis.and.NVPS.json,Front.Image.String,Side.Image.String,Overhead.Image.String,Date.Added,Agency,Overall.Vis.Elem,Front.Vis.Elem,Side.Vis.Elem,Overall.Vis.Adult,Front.Vis.Adult,Side.Vis.Adult,Manually.Entered.Body.Class.,NVP_90_straight,dist_child_in,dist_child_ft,dist_wheelchair_in,dist_wheelchair_ft,dist_adult_in,dist_adult_ft
897,57,57,73,FORD,F-750,2016,Truck,Class 7,1FDXF7DC7GDA06029,oxppgagl94tydpjn5neb.jpg (https://v5.airtableusercontent.com/v1/14/14/1673820000000/G4XC86tUrRg73n7r_KSbzg/HzluFVYEVmSBKJy9bLxaOuFYUc7nNLdkKRbNm18rak0kx56JkeFmzl83X3rACuwVlHCLRaGtcWXKy69bSdE7r5v5Q_pf6Yz9jJea73rSeJM/CMmU6I2pRS1XulY9GyeccasL29xntREzdT08ONjmy5k),nom94gktoitiuubnqoqa.png (https://v5.airtableusercontent.com/v1/14/14/1673820000000/Ai-zBJ1OuQMhhqX24qGkcw/wAylt4zP26AIXJFTdp8mrDcKRSujb1Pppc7KO5RXrI9XbmCoIez3nd6TO0KxfilGCkliKYh2eyo50k4MVLI1hBBi6y9dbg3N5Wd1i8DWWZo/iGN1UJbptjBIL79sku87uCQDaYOSpenxrPNrdNLU7iE),9/8/2022 10:10am,87,1FDXF7DC7G,,52,321,109,Ali NACTO walkshop,87,321,NA,NA,NA,,19.6,11.1,4.7,4.7,5.3,11.9,4068490.5,1229212.4,347596.9,https://res.cloudinary.com/usdot/image/upload/v1662646112/blindspot-app/oxppgagl94tydpjn5neb.jpg,79,85,93,220,132,815,276,"{""phis"":[-10,-9,-8,-7,-6,-5,-4,-3,-2,-1,0,1,2,3,4,5,6,7,8,9,10,11,12,13,14,15,16,17,18,19,20,21,22,23,24,25,26,27,28,29,30,31,32,33,34,35,36,37,38,39,40,41,42,43,44,45,46,47,48,49,50,51,52,53,54,55,56,57,58,59,60,61,62,63,64,65,66,67,68,69,70,71,72,73,74,75,76,77,78,79,80,81,82,83,84,85,86,87,88,89,90,91,92,93,94,95,96,97,98,99,100,101,102,103,104,105,106,107,108,109,110,111,112,113,114,115,116,117,118,119,120,121,122,123,124,125,126,127,128,129,130,131,132,133,134,135,136,137,138,139,140,141,142,143,144,145,146,147,148,149,150,151,152,153,154,155,156,157,158,159,160,161,162,163,164,165,166,167,168,169,170,171,172,173,174,175,176,177,178,179,180,181,182,183,184,185,186,187,188,189,190,191,192,193,194,195,196,197,198,199,200,201,202,203,204,205,206,207,208,209,210,211,212,213,214,215,216,217,218,219,220,221,222,223,224,225,226,227,228,229,230,231,232,233,234,235,236,237,238,239,240,241,242,243,244,245,246,247,248,249,250,251,252,253,254,255,256,257,258,259,260,261,262,263,264,265,266,267,268,269,270,271,272,273,274,275,276,277,278,279,280,281,282,283,284,285,286,287,288,289,290,291,292,293,294,295,296,297,298,299,300,301,302,303,304,305,306,307,308,309,310,311,312,313,314,315,316,317,318,319,320,321,322,323,324,325,326,327,328,329,330,331,332,333,334,335,336,337,338,339,340,341,342,343,344,345,346,347,348,349],""nvps"":[286,292,292,292,290,290,288,286,285,285,285,285,285,285,285,285,285,290,294,296,298,296,293,289,285,279,267,262,267,268,268,266,266,269,348,497,554,573,573,573,573,573,573,568,545,518,481,481,502,520,521,521,513,505,505,499,490,502,521,521,528,530,537,533,514,503,483,459,431,418,415,415,415,415,415,415,415,415,415,415,417,425,426,424,418,415,415,415,415,415,415,415,415,415,415,416,423,426,426,426,425,420,414,403,390,386,386,386,386,378,373,372,368,358,348,335,318,310,310,312,573,573,573,573,573,573,573,573,573,573,573,573,573,573,573,573,573,573,573,573,573,573,573,573,573,573,573,573,573,573,573,573,573,573,573,573,573,573,573,573,573,573,573,573,573,573,573,573,573,573,573,573,573,573,573,573,573,573,573,573,573,573,573,573,573,573,573,573,573,573,573,573,573,573,573,573,573,573,573,573,573,573,573,573,573,573,573,573,573,573,573,573,573,573,573,573,573,573,573,573,573,573,573,573,573,573,573,573,573,573,573,573,573,573,573,573,573,573,573,573,573,573,573,573,573,573,573,573,573,573,573,573,573,573,573,573,573,573,573,573,573,573,573,573,573,573,573,573,573,573,573,573,573,573,573,573,573,573,573,573,573,573,573,573,573,573,573,573,573,573,573,573,573,573,573,573,573,573,573,573,573,573,573,573,573,573,573,573,573,573,573,573,573,573,573,573,573,573,573,573,573,573,573,573,573,573,573,573,573,573,573,573,573,573,573,573,573,573,573,573,573,573,573,573,573,573,573,573,573,573,573,573,573,573,573,573,573,573,573,573],""measured"":119,""other"":[52,109,573,87],""processed"":1}",http://res.cloudinary.com/usdot/image/upload/v1662646216/generated-images/897-Front.jpg,http://res.cloudinary.com/usdot/image/upload/v1662646217/generated-images/897-Side.jpg,https://res.cloudinary.com/usdot/image/upload/v1668693942/generated-images/897-Overhead.jpg,9/8/2022,Volpe,13,11,24,21,20,30,,425,135.25287356321837,11.271072796934865,125.48275862068965,10.456896551724137,76.63218390804596,6.386015325670496
773,68,80,50,FREIGHTLINER,M2,2018,Truck,Class 7,1FVACXFC9JHJU1145,,,12/30/2021 11:28am,86,1FVACXFC9J,,56,198,89,,86,198,NA,NA,NA,,9,4.5,1.2,1.9,1.6,5,4476062.2,1383876.6,429599.7,https://res.cloudinary.com/dkrq49vzq/image/upload/v1640880173/blindspot-app/ou1zs2tx0vxof5nvg1ff.jpg,70,81,77,218,142,502,226,"{""phis"":[-8,-7,-6,-5,-4,-3,-2,-1,0,1,2,3,4,5,6,7,8,9,10,11,12,13,14,15,16,17,18,19,20,21,22,23,24,25,26,27,28,29,30,31,32,33,34,35,36,37,38,39,40,41,42,43,44,45,46,47,48,49,50,51,52,53,54,55,56,57,58,59,60,61,62,63,64,65,66,67,68,69,70,71,72,73,74,75,76,77,78,79,80,81,82,83,84,85,86,87,88,89,90,91,92,93,94,95,96,97,98,99,100,101,102,103,104,105,106,107,108,109,110,111,112,113,114,115,116,117,118,119,120,121,122,123,124,125,126,127,128,129,130,131,132,133,134,135,136,137,138,139,140,141,142,143,144,145,146,147,148,149,150,151,152,153,154,155,156,157,158,159,160,161,162,163,164,165,166,167,168,169,170,171,172,173,174,175,176,177,178,179,180,181,182,183,184,185,186,187,188,189,190,191,192,193,194,195,196,197,198,199,200,201,202,203,204,205,206,207,208,209,210,211,212,213,214,215,216,217,218,219,220,221,222,223,224,225,226,227,228,229,230,231,232,233,234,235,236,237,238,239,240,241,242,243,244,245,246,247,248,249,250,251,252,253,254,255,256,257,258,259,260,261,262,263,264,265,266,267,268,269,270,271,272,273,274,275,276,277,278,279,280,281,282,283,284,285,286,287,288,289,290,291,292,293,294,295,296,297,298,299,300,301,302,303,304,305,306,307,308,309,310,311,312,313,314,315,316,317,318,319,320,321,322,323,324,325,326,327,328,329,330,331,332,333,334,335,336,337,338,339,340,341,342,343,344,345,346,347,348,349,350,351],""nvps"":[407,377,356,344,341,341,341,341,337,336,336,336,342,348,349,804,427,-15,12,25,735,381,341,336,336,336,336,336,345,359,367,85140,85140,85140,85140,85140,85140,85140,85140,356,345,344,339,332,332,326,318,317,317,317,317,318,320,320,320,320,320,320,326,324,317,317,317,320,324,324,324,324,314,309,307,306,303,299,302,302,301,294,289,289,287,286,286,284,283,283,280,278,272,270,267,267,265,262,258,255,254,254,252,252,248,244,242,238,234,229,223,218,212,210,208,204,200,195,191,186,181,175,171,167,166,163,155,144,143,144,85140,85140,85140,85140,85140,85140,85140,85140,85140,85140,85140,85140,85140,85140,85140,85140,85140,85140,85140,85140,85140,85140,85140,85140,85140,85140,85140,85140,85140,85140,85140,85140,85140,85140,85140,85140,85140,85140,85140,85140,85140,85140,85140,85140,85140,85140,85140,85140,85140,85140,85140,85140,85140,85140,85140,85140,85140,85140,85140,85140,85140,85140,85140,85140,85140,85140,85140,85140,85140,85140,85140,85140,85140,85140,85140,85140,85140,85140,85140,85140,85140,85140,85140,85140,85140,85140,85140,85140,85140,85140,85140,85140,85140,85140,85140,85140,85140,85140,85140,85140,85140,85140,85140,85140,85140,85140,85140,85140,85140,85140,85140,85140,85140,85140,85140,85140,85140,85140,85140,85140,85140,85140,85140,85140,85140,85140,85140,85140,85140,85140,85140,85140,85140,85140,85140,85140,85140,85140,85140,85140,85140,85140,85140,85140,85140,85140,85140,85140,85140,85140,85140,85140,85140,85140,85140,85140,85140,85140,85140,85140,85140,85140,85140,85140,85140,85140,85140,85140,85140,85140,85140,85140,85140,85140,85140,85140,85140,85140,85140,85140,85140,85140,85140,85140,85140,85140,85140,85140,85140,85140,85140,85140,85140,85140,85140,85140,85140,85140,85140,85140,85140,85140,85140,85140,85140,85140,85140,85140,85140,85140,85140,85140,85140,85140,85140,85140,85140,85140,85140,85140,85140,85140,85140,85140,85140,85140,85140,85140,85140,85140,85140,85140,85140,85140],""measured"":125,""other"":[56,89,85140,86],""processed"":1}",,,NA,12/30/2021,bp,38,50,11,46,59,17,,252,54.58139534883722,4.548449612403101,48.720930232558146,4.0600775193798455,19.418604651162795,1.6182170542635663
939,83,90,86,FREIGHTLINER,M2,2016,Truck,Class 6,1FVACWDT6GHHM7219,w5skgxfeyj5m6gm8vjv3.png (https://v5.airtableusercontent.com/v1/14/14/1673820000000/3cMJGLs2btV9QtUKXflWOQ/EZ9saXToq7vGZDs7T2IG_s0qwbbcunOh-c-D5og3fGbfluak39Mbayu2f5ixtbDfI-aieXsKecGD9m8zM6C-q-Z785smIe7oOk6sh-ObIVc/9kN0iRdzwjlp9O3AbOq0JZ7WB1KZ4s_o_N3k2baDqfQ),lgfogq2rt4cpq0zefdxm.png (https://v5.airtableusercontent.com/v1/14/14/1673820000000/IsZzcps_KvSMdFbAEa4sPA/iRyeliMYnmeDomFFKB5AWplSaHXFVhreQ7jM947Z-7jm5Zu0JlLXqltuEWTzeiMG6CBzr4Db_3X2eLzwRXuNvSBSND25XGAAZUF5_bvVcnQ/xKEXk_3ws8R2OhesG9tskVc80kamc7iXHcdj9o4vjx4),1/13/2023 2:03pm,84,1FVACWDT6G,,59,134,85,,84,134,NA,NA,NA,,5.1,2.1,0,0.8,0.1,2.5,4259979.4,1000581.3,435545,https://res.cloudinary.com/usdot/image/upload/v1673636491/blindspot-app/w5skgxfeyj5m6gm8vjv3.png,41,18,100,213,149,340,215,"{""phis"":[-12,-11,-10,-9,-8,-7,-6,-5,-4,-3,-2,-1,0,1,2,3,4,5,6,7,8,9,10,11,12,13,14,15,16,17,18,19,20,21,22,23,24,25,26,27,28,29,30,31,32,33,34,35,36,37,38,39,40,41,42,43,44,45,46,47,48,49,50,51,52,53,54,55,56,57,58,59,60,61,62,63,64,65,66,67,68,69,70,71,72,73,74,75,76,77,78,79,80,81,82,83,84,85,86,87,88,89,90,91,92,93,94,95,96,97,98,99,100,101,102,103,104,105,106,107,108,109,110,111,112,113,114,115,116,117,118,119,120,121,122,123,124,125,126,127,128,129,130,131,132,133,134,135,136,137,138,139,140,141,142,143,144,145,146,147,148,149,150,151,152,153,154,155,156,157,158,159,160,161,162,163,164,165,166,167,168,169,170,171,172,173,174,175,176,177,178,179,180,181,182,183,184,185,186,187,188,189,190,191,192,193,194,195,196,197,198,199,200,201,202,203,204,205,206,207,208,209,210,211,212,213,214,215,216,217,218,219,220,221,222,223,224,225,226,227,228,229,230,231,232,233,234,235,236,237,238,239,240,241,242,243,244,245,246,247,248,249,250,251,252,253,254,255,256,257,258,259,260,261,262,263,264,265,266,267,268,269,270,271,272,273,274,275,276,277,278,279,280,281,282,283,284,285,286,287,288,289,290,291,292,293,294,295,296,297,298,299,300,301,302,303,304,305,306,307,308,309,310,311,312,313,314,315,316,317,318,319,320,321,322,323,324,325,326,327,328,329,330,331,332,333,334,335,336,337,338,339,340,341,342,343,344,345,346,347],""nvps"":[197,190,185,182,179,178,176,174,174,172,169,168,168,166,165,164,163,162,161,160,160,160,160,161,162,163,163,166,169,176,203,203,203,203,203,203,203,203,203,186,186,187,188,185,185,184,185,184,184,185,186,186,188,188,188,189,189,190,190,191,191,192,193,193,193,193,194,195,196,196,196,195,195,195,196,196,197,196,198,198,199,200,201,201,201,201,201,200,200,199,198,199,200,201,201,201,201,199,201,201,200,198,196,194,191,191,188,185,185,184,184,183,181,178,178,176,174,171,167,164,162,159,157,154,151,148,147,144,141,203,203,203,203,203,203,203,203,203,203,203,203,203,203,203,203,203,203,203,203,203,203,203,203,203,203,203,203,203,203,203,203,203,203,203,203,203,203,203,203,203,203,203,203,203,203,203,203,203,203,203,203,203,203,203,203,203,203,203,203,203,203,203,203,203,203,203,203,203,203,203,203,203,203,203,203,203,203,203,203,203,203,203,203,203,203,203,203,203,203,203,203,203,203,203,203,203,203,203,203,203,203,203,203,203,203,203,203,203,203,203,203,203,203,203,203,203,203,203,203,203,203,203,203,203,203,203,203,203,203,203,203,203,203,203,203,203,203,203,203,203,203,203,203,203,203,203,203,203,203,203,203,203,203,203,203,203,203,203,203,203,203,203,203,203,203,203,203,203,203,203,203,203,203,203,203,203,203,203,203,203,203,203,203,203,203,203,203,203,203,203,203,203,203,203,203,203,203,203,203,203,203,203,203,203,203,203,203,203,203,203,203,203,203,203,203,203,203,203,203,203,203,203,203,203,203,203,203,203,203,203],""measured"":128,""other"":[59,85,203,84],""processed"":1}",http://res.cloudinary.com/usdot/image/upload/v1673636599/generated-images/939-Front.jpg,http://res.cloudinary.com/usdot/image/upload/v1673636599/generated-images/939-Side.jpg,https://res.cloudinary.com/usdot/image/upload/v1673636604/generated-images/939-Overhead.jpg,1/13/2023,Public Works,74,81,74,78,86,79,,196,24.66666666666667,2.055555555555556,20,1.6666666666666667,-3.3333333333333286,-0.2777777777777774
784,71,83,58,ISUZU,NPR,1998,Truck,Class 3,JALB4B1K1W7002072,,,12/30/2021 2:17pm,77,JALB4B1K1W,,50,119,53,,77,119,NA,NA,NA,,5.8,2.7,0.4,1.1,0.7,3.1,3249026,1183267.6,330217.6,https://res.cloudinary.com/dkrq49vzq/image/upload/v1640890374/blindspot-app/jxi6oeigtw3r0qkyq6ku.jpg,83,96,86,195,127,302,134,"{""phis"":[-9,-8,-7,-6,-5,-4,-3,-2,-1,0,1,2,3,4,5,6,7,8,9,10,11,12,13,14,15,16,17,18,19,20,21,22,23,24,25,26,27,28,29,30,31,32,33,34,35,36,37,38,39,40,41,42,43,44,45,46,47,48,49,50,51,52,53,54,55,56,57,58,59,60,61,62,63,64,65,66,67,68,69,70,71,72,73,74,75,76,77,78,79,80,81,82,83,84,85,86,87,88,89,90,91,92,93,94,95,96,97,98,99,100,101,102,103,104,105,106,107,108,109,110,111,112,113,114,115,116,117,118,119,120,121,122,123,124,125,126,127,128,129,130,131,132,133,134,135,136,137,138,139,140,141,142,143,144,145,146,147,148,149,150,151,152,153,154,155,156,157,158,159,160,161,162,163,164,165,166,167,168,169,170,171,172,173,174,175,176,177,178,179,180,181,182,183,184,185,186,187,188,189,190,191,192,193,194,195,196,197,198,199,200,201,202,203,204,205,206,207,208,209,210,211,212,213,214,215,216,217,218,219,220,221,222,223,224,225,226,227,228,229,230,231,232,233,234,235,236,237,238,239,240,241,242,243,244,245,246,247,248,249,250,251,252,253,254,255,256,257,258,259,260,261,262,263,264,265,266,267,268,269,270,271,272,273,274,275,276,277,278,279,280,281,282,283,284,285,286,287,288,289,290,291,292,293,294,295,296,297,298,299,300,301,302,303,304,305,306,307,308,309,310,311,312,313,314,315,316,317,318,319,320,321,322,323,324,325,326,327,328,329,330,331,332,333,334,335,336,337,338,339,340,341,342,343,344,345,346,347,348,349,350],""nvps"":[383,394,394,396,433,474,497,497,503,528,511,497,497,497,484,483,464,457,440,423,409,360,335,317,303,287,265,256,247,239,234,234,234,237,239,246,539,539,539,539,539,539,383,375,360,349,329,326,318,309,299,287,284,283,276,267,259,256,251,246,240,235,231,228,224,218,215,212,208,207,206,202,201,199,198,192,189,186,186,186,184,181,180,179,178,177,176,175,174,173,170,169,169,169,168,166,166,166,166,165,165,164,162,160,159,159,159,159,158,156,155,155,154,153,152,152,151,149,149,149,149,149,150,152,539,539,539,539,539,539,539,539,539,539,539,539,539,539,539,539,539,539,539,539,539,539,539,539,539,539,539,539,539,539,539,539,539,539,539,539,539,539,539,539,539,539,539,539,539,539,539,539,539,539,539,539,539,539,539,539,539,539,539,539,539,539,539,539,539,539,539,539,539,539,539,539,539,539,539,539,539,539,539,539,539,539,539,539,539,539,539,539,539,539,539,539,539,539,539,539,539,539,539,539,539,539,539,539,539,539,539,539,539,539,539,539,539,539,539,539,539,539,539,539,539,539,539,539,539,539,539,539,539,539,539,539,539,539,539,539,539,539,539,539,539,539,539,539,539,539,539,539,539,539,539,539,539,539,539,539,539,539,539,539,539,539,539,539,539,539,539,539,539,539,539,539,539,539,539,539,539,539,539,539,539,539,539,539,539,539,539,539,539,539,539,539,539,539,539,539,539,539,539,539,539,539,539,539,539,539,539,539,539,539,539,539,539,539,539,539,539,539,539,539,539,539,539,539,539,539,539,539,539,539,539,539,539,539,539,539],""measured"":123,""other"":[50,53,539,77],""processed"":1}",http://res.cloudinary.com/dkrq49vzq/image/upload/v1640891880/generated-images/784-Front.jpg,http://res.cloudinary.com/dkrq49vzq/image/upload/v1640891880/generated-images/784-Side.jpg,https://res.cloudinary.com/usdot/image/upload/v1644433316/generated-images/784-Overhead.jpg,12/30/2021,bp,57,65,53,55,72,25,,165,32.71428571428571,2.726190476190476,28.42857142857143,2.369047619047619,7,0.5833333333333334
785,71,83,58,ISUZU,NPR,1998,Truck,Class 3,JALB4B1K1W7002072,,,12/30/2021 2:18pm,77,JALB4B1K1W,,50,119,53,,77,119,NA,NA,NA,,5.8,2.7,0.4,1.1,0.7,3.1,3249026,1183267.6,330217.6,https://res.cloudinary.com/dkrq49vzq/image/upload/v1640890374/blindspot-app/jxi6oeigtw3r0qkyq6ku.jpg,83,96,86,195,127,302,134,"{""phis"":[-9,-8,-7,-6,-5,-4,-3,-2,-1,0,1,2,3,4,5,6,7,8,9,10,11,12,13,14,15,16,17,18,19,20,21,22,23,24,25,26,27,28,29,30,31,32,33,34,35,36,37,38,39,40,41,42,43,44,45,46,47,48,49,50,51,52,53,54,55,56,57,58,59,60,61,62,63,64,65,66,67,68,69,70,71,72,73,74,75,76,77,78,79,80,81,82,83,84,85,86,87,88,89,90,91,92,93,94,95,96,97,98,99,100,101,102,103,104,105,106,107,108,109,110,111,112,113,114,115,116,117,118,119,120,121,122,123,124,125,126,127,128,129,130,131,132,133,134,135,136,137,138,139,140,141,142,143,144,145,146,147,148,149,150,151,152,153,154,155,156,157,158,159,160,161,162,163,164,165,166,167,168,169,170,171,172,173,174,175,176,177,178,179,180,181,182,183,184,185,186,187,188,189,190,191,192,193,194,195,196,197,198,199,200,201,202,203,204,205,206,207,208,209,210,211,212,213,214,215,216,217,218,219,220,221,222,223,224,225,226,227,228,229,230,231,232,233,234,235,236,237,238,239,240,241,242,243,244,245,246,247,248,249,250,251,252,253,254,255,256,257,258,259,260,261,262,263,264,265,266,267,268,269,270,271,272,273,274,275,276,277,278,279,280,281,282,283,284,285,286,287,288,289,290,291,292,293,294,295,296,297,298,299,300,301,302,303,304,305,306,307,308,309,310,311,312,313,314,315,316,317,318,319,320,321,322,323,324,325,326,327,328,329,330,331,332,333,334,335,336,337,338,339,340,341,342,343,344,345,346,347,348,349,350],""nvps"":[383,394,394,396,433,474,497,497,503,528,511,497,497,497,484,483,464,457,440,423,409,360,335,317,303,287,265,256,247,239,234,234,234,237,239,246,539,539,539,539,539,539,383,375,360,349,329,326,318,309,299,287,284,283,276,267,259,256,251,246,240,235,231,228,224,218,215,212,208,207,206,202,201,199,198,192,189,186,186,186,184,181,180,179,178,177,176,175,174,173,170,169,169,169,168,166,166,166,166,165,165,164,162,160,159,159,159,159,158,156,155,155,154,153,152,152,151,149,149,149,149,149,150,152,539,539,539,539,539,539,539,539,539,539,539,539,539,539,539,539,539,539,539,539,539,539,539,539,539,539,539,539,539,539,539,539,539,539,539,539,539,539,539,539,539,539,539,539,539,539,539,539,539,539,539,539,539,539,539,539,539,539,539,539,539,539,539,539,539,539,539,539,539,539,539,539,539,539,539,539,539,539,539,539,539,539,539,539,539,539,539,539,539,539,539,539,539,539,539,539,539,539,539,539,539,539,539,539,539,539,539,539,539,539,539,539,539,539,539,539,539,539,539,539,539,539,539,539,539,539,539,539,539,539,539,539,539,539,539,539,539,539,539,539,539,539,539,539,539,539,539,539,539,539,539,539,539,539,539,539,539,539,539,539,539,539,539,539,539,539,539,539,539,539,539,539,539,539,539,539,539,539,539,539,539,539,539,539,539,539,539,539,539,539,539,539,539,539,539,539,539,539,539,539,539,539,539,539,539,539,539,539,539,539,539,539,539,539,539,539,539,539,539,539,539,539,539,539,539,539,539,539,539,539,539,539,539,539,539,539],""measured"":123,""other"":[50,53,539,77],""processed"":1}",,,NA,12/30/2021,bp,57,65,53,55,72,25,,165,32.71428571428571,2.726190476190476,28.42857142857143,2.369047619047619,7,0.5833333333333334
919,82,82,93,THOMAS BUILT,HDX,2021,Truck,Class 6,NA,himcogmcgfbzqz1hpjuh.jpg (https://v5.airtableusercontent.com/v1/14/14/1673820000000/450DLK6YrLGkmSzm7ZkUTw/6ZFxLicp-iXQd7TzjX6DZ9pBNTibOeh6_yV8rEKV2ZN_vaPPQDm3nGS2avk76vdakvLMMxUmh7pOoR64RFAzD3d4-jBBcHJOukFrPxr1kqc/UrwSVMnobfpKPOAgf-k3EBWjka-iXJ7ZSrMDgbh9Q-I),gk5nuaosbzhrz76bobns.png (https://v5.airtableusercontent.com/v1/14/14/1673820000000/giwCO0iD-86ceLak7fxsrA/muwQkeuSlGGWQiS0beOYPgr2C6NtpLikLiVEtn2zEBBjXYAMat2Ml5y-T-KtgCx73ZEKGoqCpTzUtqHms1zzOtVsjsyDzHiAa7fr1xiHg2I/KNP_D86U2K4Msf2vWXdwHvPhosCiVqzUJ1Kj0MScvDg),12/30/2022 10:15am,88,NA,,65,201,86,AV added,88,201,NA,NA,NA,,8.1,4.1,1.1,1.7,1.4,4.5,4073604.8,1327752.1,225091,https://res.cloudinary.com/usdot/image/upload/v1672413030/blindspot-app/himcogmcgfbzqz1hpjuh.jpg,27,55,0,223,165,510,218,"{""phis"":[-4,-3,-2,-1,0,1,2,3,4,5,6,7,8,9,10,11,12,13,14,15,16,17,18,19,20,21,22,23,24,25,26,27,28,29,30,31,32,33,34,35,36,37,38,39,40,41,42,43,44,45,46,47,48,49,50,51,52,53,54,55,56,57,58,59,60,61,62,63,64,65,66,67,68,69,70,71,72,73,74,75,76,77,78,79,80,81,82,83,84,85,86,87,88,89,90,91,92,93,94,95,96,97,98,99,100,101,102,103,104,105,106,107,108,109,110,111,112,113,114,115,116,117,118,119,120,121,122,123,124,125,126,127,128,129,130,131,132,133,134,135,136,137,138,139,140,141,142,143,144,145,146,147,148,149,150,151,152,153,154,155,156,157,158,159,160,161,162,163,164,165,166,167,168,169,170,171,172,173,174,175,176,177,178,179,180,181,182,183,184,185,186,187,188,189,190,191,192,193,194,195,196,197,198,199,200,201,202,203,204,205,206,207,208,209,210,211,212,213,214,215,216,217,218,219,220,221,222,223,224,225,226,227,228,229,230,231,232,233,234,235,236,237,238,239,240,241,242,243,244,245,246,247,248,249,250,251,252,253,254,255,256,257,258,259,260,261,262,263,264,265,266,267,268,269,270,271,272,273,274,275,276,277,278,279,280,281,282,283,284,285,286,287,288,289,290,291,292,293,294,295,296,297,298,299,300,301,302,303,304,305,306,307,308,309,310,311,312,313,314,315,316,317,318,319,320,321,322,323,324,325,326,327,328,329,330,331,332,333,334,335,336,337,338,339,340,341,342,343,344,345,346,347,348,349,350,351,352,353,354,355],""nvps"":[142,142,142,142,142,142,142,142,142,142,142,141,141,141,141,141,141,141,141,141,141,141,141,141,141,141,141,141,141,142,142,143,144,146,153,250,250,250,250,245,244,242,241,240,239,239,238,238,239,240,240,240,241,242,242,242,243,244,245,246,247,247,248,248,248,249,249,249,249,249,249,249,249,249,248,248,248,246,245,245,244,242,242,241,240,240,240,240,240,240,239,239,238,236,233,232,230,227,225,221,218,216,214,212,209,206,204,203,202,202,202,201,200,198,195,194,191,188,185,183,181,181,180,180,250,250,250,250,250,250,250,250,250,250,250,250,250,250,250,250,250,250,250,250,250,250,250,250,250,250,250,250,250,250,250,250,250,250,250,250,250,250,250,250,250,250,250,250,250,250,250,250,250,250,250,250,250,250,250,250,250,250,250,250,250,250,250,250,250,250,250,250,250,250,250,250,250,250,250,250,250,250,250,250,250,250,250,250,250,250,250,250,250,250,250,250,250,250,250,250,250,250,250,250,250,250,250,250,250,250,250,250,250,250,250,250,250,250,250,250,250,250,250,250,250,250,250,250,250,250,250,250,250,250,250,250,250,250,250,250,250,250,250,250,250,250,250,250,250,250,250,250,250,250,250,250,250,250,250,250,250,250,250,250,250,250,250,250,250,250,250,250,250,250,250,250,250,250,250,250,250,250,250,250,250,250,250,250,250,250,250,250,250,250,250,250,250,250,250,250,250,250,250,250,250,250,250,250,250,250,250,250,250,250,250,250,250,250,250,250,250,250,250,250,250,250,250,250,250,250,250,250,250,250,250,250,250,250,250,250],""measured"":123,""other"":[65,86,250,88],""processed"":1}",http://res.cloudinary.com/usdot/image/upload/v1672413355/generated-images/919-Front.jpg,http://res.cloudinary.com/usdot/image/upload/v1672413355/generated-images/919-Side.jpg,https://res.cloudinary.com/usdot/image/upload/v1672413367/generated-images/919-Overhead.jpg,12/30/2022,Transport Canada,69,67,87,75,74,90,,233,49.03409090909091,4.086174242424242,43.738636363636346,3.644886363636362,17.261363636363626,1.4384469696969688
830,81,82,92,THOMAS BUILT,HDX,2021,Truck,Class 6,NA,cgk0izf2bfvpa2go6mfb.jpg (https://v5.airtableusercontent.com/v1/14/14/1673820000000/p65LoRfUpIR3DKJ6EcofzA/u9NvW5HsrsiDlEDNkHoaQHt1t0ag82Wc8v6MKonWvR0XJAG88LgUCk-03zODEainFqamcqqjjagdO6tZyyPJct9pWteVgXiFFW5I-Sc2GIE/9eXo22CRZsCVq5PPsN3VOj0tVMFb5nHq4e7r6R00_UM),mqdusygf5swjedw8ekde.png (https://v5.airtableusercontent.com/v1/14/14/1673820000000/RUac9sQdUMPp3m0v15v8Pw/gWN-7QufnBTOvDdCg5hY8yZU_Kxm1F7sf81z8Sldqgn3YRQPreptoYGl4PaHH5uODW2NMZEtaXahTDt5inDo5n-v1D5BWcpQWH5cMEhdgq4/4n9KYsbgxb2gWV6LRVHZX_TNXXqU87K_EXSirPmsSpA),4/28/2022 10:01am,88,NA,,65,201,86,EE Added,88,201,NA,NA,NA,,8.1,4.1,1.1,1.7,1.4,4.5,4024820.3,1510565.8,257365.7,https://res.cloudinary.com/usdot/image/upload/v1651154356/blindspot-app/cgk0izf2bfvpa2go6mfb.jpg,27,59,0,223,165,510,218,"{""phis"":[-9,-8,-7,-6,-5,-4,-3,-2,-1,0,1,2,3,4,5,6,7,8,9,10,11,12,13,14,15,16,17,18,19,20,21,22,23,24,25,26,27,28,29,30,31,32,33,34,35,36,37,38,39,40,41,42,43,44,45,46,47,48,49,50,51,52,53,54,55,56,57,58,59,60,61,62,63,64,65,66,67,68,69,70,71,72,73,74,75,76,77,78,79,80,81,82,83,84,85,86,87,88,89,90,91,92,93,94,95,96,97,98,99,100,101,102,103,104,105,106,107,108,109,110,111,112,113,114,115,116,117,118,119,120,121,122,123,124,125,126,127,128,129,130,131,132,133,134,135,136,137,138,139,140,141,142,143,144,145,146,147,148,149,150,151,152,153,154,155,156,157,158,159,160,161,162,163,164,165,166,167,168,169,170,171,172,173,174,175,176,177,178,179,180,181,182,183,184,185,186,187,188,189,190,191,192,193,194,195,196,197,198,199,200,201,202,203,204,205,206,207,208,209,210,211,212,213,214,215,216,217,218,219,220,221,222,223,224,225,226,227,228,229,230,231,232,233,234,235,236,237,238,239,240,241,242,243,244,245,246,247,248,249,250,251,252,253,254,255,256,257,258,259,260,261,262,263,264,265,266,267,268,269,270,271,272,273,274,275,276,277,278,279,280,281,282,283,284,285,286,287,288,289,290,291,292,293,294,295,296,297,298,299,300,301,302,303,304,305,306,307,308,309,310,311,312,313,314,315,316,317,318,319,320,321,322,323,324,325,326,327,328,329,330,331,332,333,334,335,336,337,338,339,340,341,342,343,344,345,346,347,348,349,350],""nvps"":[148,148,148,148,148,148,148,148,148,148,148,148,148,148,148,148,147,147,146,146,146,146,146,146,146,146,145,145,145,146,146,146,146,146,146,146,147,149,151,158,253,253,253,253,248,247,246,245,243,242,241,242,243,243,243,243,244,245,246,246,248,249,250,252,253,253,253,253,253,253,253,253,253,253,253,253,251,251,250,250,249,248,247,246,245,244,243,243,243,243,242,241,240,238,236,235,234,233,232,232,230,228,225,222,219,217,217,215,213,211,211,210,208,206,204,203,202,202,200,198,195,191,187,186,186,186,187,187,253,253,253,253,253,253,253,253,253,253,253,253,253,253,253,253,253,253,253,253,253,253,253,253,253,253,253,253,253,253,253,253,253,253,253,253,253,253,253,253,253,253,253,253,253,253,253,253,253,253,253,253,253,253,253,253,253,253,253,253,253,253,253,253,253,253,253,253,253,253,253,253,253,253,253,253,253,253,253,253,253,253,253,253,253,253,253,253,253,253,253,253,253,253,253,253,253,253,253,253,253,253,253,253,253,253,253,253,253,253,253,253,253,253,253,253,253,253,253,253,253,253,253,253,253,253,253,253,253,253,253,253,253,253,253,253,253,253,253,253,253,253,253,253,253,253,253,253,253,253,253,253,253,253,253,253,253,253,253,253,253,253,253,253,253,253,253,253,253,253,253,253,253,253,253,253,253,253,253,253,253,253,253,253,253,253,253,253,253,253,253,253,253,253,253,253,253,253,253,253,253,253,253,253,253,253,253,253,253,253,253,253,253,253,253,253,253,253,253,253,253,253,253,253,253,253,253,253,253,253,253,253],""measured"":127,""other"":[65,86,253,88],""processed"":1}",http://res.cloudinary.com/usdot/image/upload/v1651154482/generated-images/830-Front.jpg,http://res.cloudinary.com/usdot/image/upload/v1651154483/generated-images/830-Side.jpg,https://res.cloudinary.com/usdot/image/upload/v1651154492/generated-images/830-Overhead.jpg,4/28/2022,Transport Canada,68,66,85,74,73,88,,232,48.45454545454547,4.037878787878789,43.18181818181819,3.598484848484849,16.818181818181827,1.4015151515151523
737,78,80,88,THOMAS BUILT,HDX,2021,Truck,Class 6,NA,kdpihyaycsnhl15grdmg.jpg (https://v5.airtableusercontent.com/v1/14/14/1673820000000/z-A1-YDEeKmGKHyUbfwidA/0Rde8VMHO8wqw6_HutFkC0dH-tPQpnOWbIhr30Q5gaFUxkz8uJM-y40IJRlQU9JQXs7DzvS0Zn9sRQ1vcuKSw2CpamQjFtvmYJX7z_KwQxE/tSBhFAUAR0KrMCe2zrceY9Lfxx1rkZDtuOV-fzAq-RI),ckqvhmdrpn7orupkatyy.png (https://v5.airtableusercontent.com/v1/14/14/1673820000000/BK0xkVh7ouIolfUeiNEniw/JDfR4a4CXvEqjvaDjupDZn6cuvDlPB_AyWT9OV5oQQ3ahY_LeESZQNj3AV7q4QKKRLieEhZggf2-XfjA--wzYF06mqzjLFZHMYZfbiv-Z0s/0uhF7vPTrSpwe3VY-PdiTyZZM3EbVQka-6_P2UOOHYs),12/22/2021 11:21am,88,NA,,65,201,86,,88,201,NA,NA,NA,,10.8,5.8,2.1,2.5,2.5,6.3,3696758.7,1720468.7,272830.9,https://res.cloudinary.com/dkrq49vzq/image/upload/v1640188947/blindspot-app/kdpihyaycsnhl15grdmg.jpg,50,86,29,223,165,510,218,"{""phis"":[2,3,4,5,6,7,8,9,10,11,12,13,14,15,16,17,18,19,20,21,22,23,24,25,26,27,28,29,30,31,32,33,34,35,36,37,38,39,40,41,42,43,44,45,46,47,48,49,50,51,52,53,54,55,56,57,58,59,60,61,62,63,64,65,66,67,68,69,70,71,72,73,74,75,76,77,78,79,80,81,82,83,84,85,86,87,88,89,90,91,92,93,94,95,96,97,98,99,100,101,102,103,104,105,106,107,108,109,110,111,112,113,114,115,116,117,118,119,120,121,122,123,124,125,126,127,128,129,130,131,132,133,134,135,136,137,138,139,140,141,142,143,144,145,146,147,148,149,150,151,152,153,154,155,156,157,158,159,160,161,162,163,164,165,166,167,168,169,170,171,172,173,174,175,176,177,178,179,180,181,182,183,184,185,186,187,188,189,190,191,192,193,194,195,196,197,198,199,200,201,202,203,204,205,206,207,208,209,210,211,212,213,214,215,216,217,218,219,220,221,222,223,224,225,226,227,228,229,230,231,232,233,234,235,236,237,238,239,240,241,242,243,244,245,246,247,248,249,250,251,252,253,254,255,256,257,258,259,260,261,262,263,264,265,266,267,268,269,270,271,272,273,274,275,276,277,278,279,280,281,282,283,284,285,286,287,288,289,290,291,292,293,294,295,296,297,298,299,300,301,302,303,304,305,306,307,308,309,310,311,312,313,314,315,316,317,318,319,320,321,322,323,324,325,326,327,328,329,330,331,332,333,334,335,336,337,338,339,340,341,342,343,344,345,346,347,348,349,350,351,352,353,354,355,356,357,358,359,360,361],""nvps"":[153,153,153,153,153,153,153,153,153,153,153,153,153,153,153,153,153,153,153,153,153,153,153,153,154,238,216,205,168,297,299,302,303,305,306,306,306,306,293,293,291,289,289,289,289,289,289,289,288,289,289,291,294,295,296,296,296,296,296,296,296,296,296,296,294,296,295,294,293,293,292,291,290,289,286,285,284,283,281,280,279,278,277,275,275,274,271,270,270,268,264,262,259,257,253,250,248,245,244,243,241,239,237,234,230,227,224,220,218,217,215,214,213,212,212,212,306,306,306,306,306,306,306,306,306,306,306,306,306,306,306,306,306,306,306,306,306,306,306,306,306,306,306,306,306,306,306,306,306,306,306,306,306,306,306,306,306,306,306,306,306,306,306,306,306,306,306,306,306,306,306,306,306,306,306,306,306,306,306,306,306,306,306,306,306,306,306,306,306,306,306,306,306,306,306,306,306,306,306,306,306,306,306,306,306,306,306,306,306,306,306,306,306,306,306,306,306,306,306,306,306,306,306,306,306,306,306,306,306,306,306,306,306,306,306,306,306,306,306,306,306,306,306,306,306,306,306,306,306,306,306,306,306,306,306,306,306,306,306,306,306,306,306,306,306,306,306,306,306,306,306,306,306,306,306,306,306,306,306,306,306,306,306,306,306,306,306,306,306,306,306,306,306,306,306,306,306,306,306,306,306,306,306,306,306,306,306,306,306,306,306,306,306,306,306,306,306,306,306,306,306,306,306,306,306,306,306,306,306,306,306,306,306,306,306,306,306,306,306,306,306,306,306,306,306,306,306,306,306,306,306,306,306,306,306,306,306,306,306,306],""measured"":115,""other"":[65,86,306,88],""processed"":1}",,,NA,12/22/2021,Transport Canada,54,50,72,62,59,77,,270,70.47727272727272,5.87310606060606,64.34090909090907,5.361742424242422,33.65909090909091,2.804924242424242
738,78,80,88,THOMAS BUILT,HDX,2021,Truck,Class 6,NA,kdpihyaycsnhl15grdmg.jpg (https://v5.airtableusercontent.com/v1/14/14/1673820000000/Y_RrqmFvRS8Fc293P5eUOw/_qfADUq67AJtTx1IQsZ02zhnHwohcstHvoHSd91iSZpAW2hd5NUwVS10YUMmCP2YrBqmRlB8ZNoroKSvxc6uXLEE4AeH1leiWLuQJ2Lp3u4/-jEJ8QkvB33FvEIOGPz_JQkf6PrLkStdwCT2L80nE60),ckqvhmdrpn7orupkatyy.png (https://v5.airtableusercontent.com/v1/14/14/1673820000000/tA3fTnEIPXZj8s9NusPDcA/17FnPxhzG69QhtmDfJFT55S8zqNmsO3mvccktUTsrnVeUhay9D_tcuPJ4eYIUOSADhWRDcCtY44_kWIbOLKMugYIDwm_UiZg6hMf8ZTIMFY/wG8H-XR9djvfLFoTN62GAc4Y9X8UKoaSZ_jmO0S_JgU),12/22/2021 11:22am,88,NA,,65,201,86,,88,201,NA,NA,NA,,10.8,5.8,2.1,2.5,2.5,6.3,3696758.7,1720468.7,272830.9,https://res.cloudinary.com/dkrq49vzq/image/upload/v1640188947/blindspot-app/kdpihyaycsnhl15grdmg.jpg,50,86,29,223,165,510,218,"{""phis"":[2,3,4,5,6,7,8,9,10,11,12,13,14,15,16,17,18,19,20,21,22,23,24,25,26,27,28,29,30,31,32,33,34,35,36,37,38,39,40,41,42,43,44,45,46,47,48,49,50,51,52,53,54,55,56,57,58,59,60,61,62,63,64,65,66,67,68,69,70,71,72,73,74,75,76,77,78,79,80,81,82,83,84,85,86,87,88,89,90,91,92,93,94,95,96,97,98,99,100,101,102,103,104,105,106,107,108,109,110,111,112,113,114,115,116,117,118,119,120,121,122,123,124,125,126,127,128,129,130,131,132,133,134,135,136,137,138,139,140,141,142,143,144,145,146,147,148,149,150,151,152,153,154,155,156,157,158,159,160,161,162,163,164,165,166,167,168,169,170,171,172,173,174,175,176,177,178,179,180,181,182,183,184,185,186,187,188,189,190,191,192,193,194,195,196,197,198,199,200,201,202,203,204,205,206,207,208,209,210,211,212,213,214,215,216,217,218,219,220,221,222,223,224,225,226,227,228,229,230,231,232,233,234,235,236,237,238,239,240,241,242,243,244,245,246,247,248,249,250,251,252,253,254,255,256,257,258,259,260,261,262,263,264,265,266,267,268,269,270,271,272,273,274,275,276,277,278,279,280,281,282,283,284,285,286,287,288,289,290,291,292,293,294,295,296,297,298,299,300,301,302,303,304,305,306,307,308,309,310,311,312,313,314,315,316,317,318,319,320,321,322,323,324,325,326,327,328,329,330,331,332,333,334,335,336,337,338,339,340,341,342,343,344,345,346,347,348,349,350,351,352,353,354,355,356,357,358,359,360,361],""nvps"":[153,153,153,153,153,153,153,153,153,153,153,153,153,153,153,153,153,153,153,153,153,153,153,153,154,238,216,205,168,297,299,302,303,305,306,306,306,306,293,293,291,289,289,289,289,289,289,289,288,289,289,291,294,295,296,296,296,296,296,296,296,296,296,296,294,296,295,294,293,293,292,291,290,289,286,285,284,283,281,280,279,278,277,275,275,274,271,270,270,268,264,262,259,257,253,250,248,245,244,243,241,239,237,234,230,227,224,220,218,217,215,214,213,212,212,212,306,306,306,306,306,306,306,306,306,306,306,306,306,306,306,306,306,306,306,306,306,306,306,306,306,306,306,306,306,306,306,306,306,306,306,306,306,306,306,306,306,306,306,306,306,306,306,306,306,306,306,306,306,306,306,306,306,306,306,306,306,306,306,306,306,306,306,306,306,306,306,306,306,306,306,306,306,306,306,306,306,306,306,306,306,306,306,306,306,306,306,306,306,306,306,306,306,306,306,306,306,306,306,306,306,306,306,306,306,306,306,306,306,306,306,306,306,306,306,306,306,306,306,306,306,306,306,306,306,306,306,306,306,306,306,306,306,306,306,306,306,306,306,306,306,306,306,306,306,306,306,306,306,306,306,306,306,306,306,306,306,306,306,306,306,306,306,306,306,306,306,306,306,306,306,306,306,306,306,306,306,306,306,306,306,306,306,306,306,306,306,306,306,306,306,306,306,306,306,306,306,306,306,306,306,306,306,306,306,306,306,306,306,306,306,306,306,306,306,306,306,306,306,306,306,306,306,306,306,306,306,306,306,306,306,306,306,306,306,306,306,306,306,306],""measured"":115,""other"":[65,86,306,88],""processed"":1}",,,NA,12/22/2021,Transport Canada,54,50,72,62,59,77,,270,70.47727272727272,5.87310606060606,64.34090909090907,5.361742424242422,33.65909090909091,2.804924242424242
741,78,80,88,THOMAS BUILT,HDX,2021,Truck,Class 6,NA,kdpihyaycsnhl15grdmg.jpg (https://v5.airtableusercontent.com/v1/14/14/1673820000000/5CRnvEMAzkpk9jZFw28WYA/timCBmYWT3U5HjH5VYF8o7EdJXZ6rmDurMuEdhF9IAZwyDTmKo7JQ4PrSgeU32NotLOf0Pd3KtTZ3LWZ7zCKY4UlsKfiRfTPwmrcUQeHLN8/YRX3cy6B6BXShm_XIb2Tdv2qed8xDWvb8BGSv4Om7sA),ckqvhmdrpn7orupkatyy.png (https://v5.airtableusercontent.com/v1/14/14/1673820000000/re6oIPQd_qRFtReB2ihonQ/DKPGKc2m0h2FDE_s0uPHD35fBkLd5WGIgRz8bGsl5bGDAgd3Sn9o9dA1xr4_iIYfXqKqEwNrMaJf7p-qp7t0WPAJAHqjn26tdCoVBr3QrY8/5p4KJHMF6vVJehdTD3cSFy013s06RTH3SXYelvqwP_c),12/22/2021 11:27am,88,NA,,65,201,86,,88,201,NA,NA,NA,,10.8,5.8,2.1,2.5,2.5,6.3,3696758.7,1720468.7,272830.9,https://res.cloudinary.com/dkrq49vzq/image/upload/v1640188947/blindspot-app/kdpihyaycsnhl15grdmg.jpg,50,86,29,223,165,510,218,"{""phis"":[2,3,4,5,6,7,8,9,10,11,12,13,14,15,16,17,18,19,20,21,22,23,24,25,26,27,28,29,30,31,32,33,34,35,36,37,38,39,40,41,42,43,44,45,46,47,48,49,50,51,52,53,54,55,56,57,58,59,60,61,62,63,64,65,66,67,68,69,70,71,72,73,74,75,76,77,78,79,80,81,82,83,84,85,86,87,88,89,90,91,92,93,94,95,96,97,98,99,100,101,102,103,104,105,106,107,108,109,110,111,112,113,114,115,116,117,118,119,120,121,122,123,124,125,126,127,128,129,130,131,132,133,134,135,136,137,138,139,140,141,142,143,144,145,146,147,148,149,150,151,152,153,154,155,156,157,158,159,160,161,162,163,164,165,166,167,168,169,170,171,172,173,174,175,176,177,178,179,180,181,182,183,184,185,186,187,188,189,190,191,192,193,194,195,196,197,198,199,200,201,202,203,204,205,206,207,208,209,210,211,212,213,214,215,216,217,218,219,220,221,222,223,224,225,226,227,228,229,230,231,232,233,234,235,236,237,238,239,240,241,242,243,244,245,246,247,248,249,250,251,252,253,254,255,256,257,258,259,260,261,262,263,264,265,266,267,268,269,270,271,272,273,274,275,276,277,278,279,280,281,282,283,284,285,286,287,288,289,290,291,292,293,294,295,296,297,298,299,300,301,302,303,304,305,306,307,308,309,310,311,312,313,314,315,316,317,318,319,320,321,322,323,324,325,326,327,328,329,330,331,332,333,334,335,336,337,338,339,340,341,342,343,344,345,346,347,348,349,350,351,352,353,354,355,356,357,358,359,360,361],""nvps"":[153,153,153,153,153,153,153,153,153,153,153,153,153,153,153,153,153,153,153,153,153,153,153,153,154,238,216,205,168,297,299,302,303,305,306,306,306,306,293,293,291,289,289,289,289,289,289,289,288,289,289,291,294,295,296,296,296,296,296,296,296,296,296,296,294,296,295,294,293,293,292,291,290,289,286,285,284,283,281,280,279,278,277,275,275,274,271,270,270,268,264,262,259,257,253,250,248,245,244,243,241,239,237,234,230,227,224,220,218,217,215,214,213,212,212,212,306,306,306,306,306,306,306,306,306,306,306,306,306,306,306,306,306,306,306,306,306,306,306,306,306,306,306,306,306,306,306,306,306,306,306,306,306,306,306,306,306,306,306,306,306,306,306,306,306,306,306,306,306,306,306,306,306,306,306,306,306,306,306,306,306,306,306,306,306,306,306,306,306,306,306,306,306,306,306,306,306,306,306,306,306,306,306,306,306,306,306,306,306,306,306,306,306,306,306,306,306,306,306,306,306,306,306,306,306,306,306,306,306,306,306,306,306,306,306,306,306,306,306,306,306,306,306,306,306,306,306,306,306,306,306,306,306,306,306,306,306,306,306,306,306,306,306,306,306,306,306,306,306,306,306,306,306,306,306,306,306,306,306,306,306,306,306,306,306,306,306,306,306,306,306,306,306,306,306,306,306,306,306,306,306,306,306,306,306,306,306,306,306,306,306,306,306,306,306,306,306,306,306,306,306,306,306,306,306,306,306,306,306,306,306,306,306,306,306,306,306,306,306,306,306,306,306,306,306,306,306,306,306,306,306,306,306,306,306,306,306,306,306,306],""measured"":115,""other"":[65,86,306,88],""processed"":1}",,,NA,12/22/2021,Transport Canada,54,50,72,62,59,77,,270,70.47727272727272,5.87310606060606,64.34090909090907,5.361742424242422,33.65909090909091,2.804924242424242
742,78,80,88,THOMAS BUILT,HDX,2021,Truck,Class 6,NA,kdpihyaycsnhl15grdmg.jpg (https://v5.airtableusercontent.com/v1/14/14/1673820000000/onsiJQJAmMB66hc8zz3jew/OWwwmVKS-VJx6rP1_pun9bNF4zd8Q_4jh7nqCls56L4RNHQ68XQuKZ_c3MBTU4iAzVvepzsmJSZLs4WJIo_BYhkqtTX_5Lvt2CpQIkFjF-Y/YQcaUvQoqDk4GCiaLoat_LmFl0GR02XCwEQnxwqACC0),ckqvhmdrpn7orupkatyy.png (https://v5.airtableusercontent.com/v1/14/14/1673820000000/9laDRZcceaOBJ1IMJYb0EA/M43RBE6c0yP6aaBURO3kyb-vYefUN2z8iOcnSMwhtR5S5ldYIwdy8ZDkH8eukdUwURyslHhL2EGBuEy05Kg7Gc_Nx5L_nRJM9QfD5ttbYqs/IKjOGB97N_iSr81jWDaHhuPOvBBpRLSQrklgfUYUgHc),12/22/2021 11:28am,88,NA,,65,201,86,,88,201,NA,NA,NA,,10.8,5.8,2.1,2.5,2.5,6.3,3696758.7,1720468.7,272830.9,https://res.cloudinary.com/dkrq49vzq/image/upload/v1640188947/blindspot-app/kdpihyaycsnhl15grdmg.jpg,50,86,29,223,165,510,218,"{""phis"":[2,3,4,5,6,7,8,9,10,11,12,13,14,15,16,17,18,19,20,21,22,23,24,25,26,27,28,29,30,31,32,33,34,35,36,37,38,39,40,41,42,43,44,45,46,47,48,49,50,51,52,53,54,55,56,57,58,59,60,61,62,63,64,65,66,67,68,69,70,71,72,73,74,75,76,77,78,79,80,81,82,83,84,85,86,87,88,89,90,91,92,93,94,95,96,97,98,99,100,101,102,103,104,105,106,107,108,109,110,111,112,113,114,115,116,117,118,119,120,121,122,123,124,125,126,127,128,129,130,131,132,133,134,135,136,137,138,139,140,141,142,143,144,145,146,147,148,149,150,151,152,153,154,155,156,157,158,159,160,161,162,163,164,165,166,167,168,169,170,171,172,173,174,175,176,177,178,179,180,181,182,183,184,185,186,187,188,189,190,191,192,193,194,195,196,197,198,199,200,201,202,203,204,205,206,207,208,209,210,211,212,213,214,215,216,217,218,219,220,221,222,223,224,225,226,227,228,229,230,231,232,233,234,235,236,237,238,239,240,241,242,243,244,245,246,247,248,249,250,251,252,253,254,255,256,257,258,259,260,261,262,263,264,265,266,267,268,269,270,271,272,273,274,275,276,277,278,279,280,281,282,283,284,285,286,287,288,289,290,291,292,293,294,295,296,297,298,299,300,301,302,303,304,305,306,307,308,309,310,311,312,313,314,315,316,317,318,319,320,321,322,323,324,325,326,327,328,329,330,331,332,333,334,335,336,337,338,339,340,341,342,343,344,345,346,347,348,349,350,351,352,353,354,355,356,357,358,359,360,361],""nvps"":[153,153,153,153,153,153,153,153,153,153,153,153,153,153,153,153,153,153,153,153,153,153,153,153,154,238,216,205,168,297,299,302,303,305,306,306,306,306,293,293,291,289,289,289,289,289,289,289,288,289,289,291,294,295,296,296,296,296,296,296,296,296,296,296,294,296,295,294,293,293,292,291,290,289,286,285,284,283,281,280,279,278,277,275,275,274,271,270,270,268,264,262,259,257,253,250,248,245,244,243,241,239,237,234,230,227,224,220,218,217,215,214,213,212,212,212,306,306,306,306,306,306,306,306,306,306,306,306,306,306,306,306,306,306,306,306,306,306,306,306,306,306,306,306,306,306,306,306,306,306,306,306,306,306,306,306,306,306,306,306,306,306,306,306,306,306,306,306,306,306,306,306,306,306,306,306,306,306,306,306,306,306,306,306,306,306,306,306,306,306,306,306,306,306,306,306,306,306,306,306,306,306,306,306,306,306,306,306,306,306,306,306,306,306,306,306,306,306,306,306,306,306,306,306,306,306,306,306,306,306,306,306,306,306,306,306,306,306,306,306,306,306,306,306,306,306,306,306,306,306,306,306,306,306,306,306,306,306,306,306,306,306,306,306,306,306,306,306,306,306,306,306,306,306,306,306,306,306,306,306,306,306,306,306,306,306,306,306,306,306,306,306,306,306,306,306,306,306,306,306,306,306,306,306,306,306,306,306,306,306,306,306,306,306,306,306,306,306,306,306,306,306,306,306,306,306,306,306,306,306,306,306,306,306,306,306,306,306,306,306,306,306,306,306,306,306,306,306,306,306,306,306,306,306,306,306,306,306,306,306],""measured"":115,""other"":[65,86,306,88],""processed"":1}",,,NA,12/22/2021,Transport Canada,54,50,72,62,59,77,,270,70.47727272727272,5.87310606060606,64.34090909090907,5.361742424242422,33.65909090909091,2.804924242424242
